id,product_id,image_url,sort_order,is_primary,alt_text,created_at
0f16fdb9-f4d3-4955-bb13-5010c9c6d969,91c7ba6f-e1c1-4b07-b7c1-bcd66af87ff8,https://dxgsuxbvhebymyuesdbm.supabase.co/storage/v1/object/public/product-images/catalog/1791014568228_1791014558001_puffer-jacket-with-pocket-detail-7471-main.png,0,true,Puffer Jacket With Pocket Detail,2026-10-03T08:02:54.928751+00:00
7f245fe6-d8f0-4bbd-a939-91220faa24f4,91c7ba6f-e1c1-4b07-b7c1-bcd66af87ff8,https://dxgsuxbvhebymyuesdbm.supabase.co/storage/v1/object/public/product-images/catalog/1791014569417_1791014559239_puffer-jacket-with-pocket-detail-7471-gallery-0.png,1,false,Puffer Jacket With Pocket Detail,2026-10-03T08:02:54.928751+00:00
4dd8d20f-0a66-44c0-a2a9-5d17cf879cd4,91c7ba6f-e1c1-4b07-b7c1-bcd66af87ff8,https://dxgsuxbvhebymyuesdbm.supabase.co/storage/v1/object/public/product-images/catalog/1791014570452_1791014560414_puffer-jacket-with-pocket-detail-7471-gallery-1.png,2,false,Puffer Jacket With Pocket Detail,2026-10-03T08:02:54.928751+00:00
11cd2988-7eca-42a4-a434-8a8d80255844,91c7ba6f-e1c1-4b07-b7c1-bcd66af87ff8,https://dxgsuxbvhebymyuesdbm.supabase.co/storage/v1/object/public/product-images/catalog/1791014571394_1791014561381_puffer-jacket-with-pocket-detail-7471-gallery-2.png,3,false,Puffer Jacket With Pocket Detail,2026-10-03T08:02:54.928751+00:00
3108fa99-3aaa-4922-9550-1deb93c5fef7,91c7ba6f-e1c1-4b07-b7c1-bcd66af87ff8,https://dxgsuxbvhebymyuesdbm.supabase.co/storage/v1/object/public/product-images/catalog/1791014571994_1791014561959_puffer-jacket-with-pocket-detail-7471-gallery-3.png,4,false,Puffer Jacket With Pocket Detail,2026-10-03T08:02:54.928751+00:00
0b62a272-c5b1-4206-a35d-e2169f1fb0f1,91c7ba6f-e1c1-4b07-b7c1-bcd66af87ff8,https://dxgsuxbvhebymyuesdbm.supabase.co/storage/v1/object/public/product-images/catalog/1791014572679_1791014562645_puffer-jacket-with-pocket-detail-7471-gallery-4.png,5,false,Puffer Jacket With Pocket Detail,2026-10-03T08:02:54.928751+00:00
979b9018-5f17-4e4d-8e9e-cf29628913ef,91c7ba6f-e1c1-4b07-b7c1-bcd66af87ff8,https://dxgsuxbvhebymyuesdbm.supabase.co/storage/v1/object/public/product-images/catalog/1791014573507_1791014563484_puffer-jacket-with-pocket-detail-7471-gallery-5.png,6,false,Puffer Jacket With Pocket Detail,2026-10-03T08:02:54.928751+00:00
43364e0c-a35f-424a-a93c-cabf0c59ca61,91c7ba6f-e1c1-4b07-b7c1-bcd66af87ff8,https://dxgsuxbvhebymyuesdbm.supabase.co/storage/v1/object/public/product-images/catalog/1791014574465_1791014564442_puffer-jacket-with-pocket-detail-7471-gallery-6.png,7,false,Puffer Jacket With Pocket Detail,2026-10-03T08:02:54.928751+00:00
daf749e1-2d8f-44e6-9632-36bbe8c25fd5,5328cecc-749b-4173-b7c6-7b9e85970daf,https://images.unsplash.com/photo-1521572267360-ee0c2909d518?w=800,0,true,Test Front,2026-10-03T11:48:53.85904+00:00
c8d5517d-c92f-4797-9634-5912c4996036,0062df4c-d1ff-4d9a-af75-787de2809d52,https://images.unsplash.com/photo-1521572267360-ee0c2909d518?w=800&auto=format&fit=crop&q=80,0,true,Signature Drop Shoulder Heavyweight Tee,2026-10-03T11:50:22.016203+00:00
dcd08195-6114-4884-abef-e8a9e8219986,0062df4c-d1ff-4d9a-af75-787de2809d52,https://images.unsplash.com/photo-1503342217505-b0a15ec3261c?w=800&auto=format&fit=crop&q=80,1,false,Signature Drop Shoulder Heavyweight Tee,2026-10-03T11:50:22.016203+00:00
501c8072-7014-4d8c-a492-359360fd0726,0062df4c-d1ff-4d9a-af75-787de2809d52,https://images.unsplash.com/photo-1583743814966-8936f5b7be1a?w=800&auto=format&fit=crop&q=80,2,false,Signature Drop Shoulder Heavyweight Tee,2026-10-03T11:50:22.016203+00:00
94c6c40f-5cfb-410f-9e96-62e03b2c0e81,61313b3c-25a7-4365-ad5b-5b4b35432528,https://images.unsplash.com/photo-1576566588028-4147f3842f27?w=800&auto=format&fit=crop&q=80,0,true,Cyber-Samurai Printed Streetwear Graphic Tee,2026-10-03T11:50:22.68496+00:00
cbc1e3af-3067-4a6c-a193-46cdbcdc4a01,61313b3c-25a7-4365-ad5b-5b4b35432528,https://images.unsplash.com/photo-1503342394128-c104d54dba01?w=800&auto=format&fit=crop&q=80,1,false,Cyber-Samurai Printed Streetwear Graphic Tee,2026-10-03T11:50:22.68496+00:00
024fbbc2-b57a-4eea-9324-5ad14515b9fa,61313b3c-25a7-4365-ad5b-5b4b35432528,https://images.unsplash.com/photo-1618354691373-d851c5c3a990?w=800&auto=format&fit=crop&q=80,2,false,Cyber-Samurai Printed Streetwear Graphic Tee,2026-10-03T11:50:22.68496+00:00
12c2a1bd-9369-4bbd-b0a3-898d13582acd,9ff541a7-8ca4-47d3-87cc-4bcc1800c327,https://images.unsplash.com/photo-1503342394128-c104d54dba01?w=800&auto=format&fit=crop&q=80,0,true,Tokyo Underground Kanji Printed Heavyweight Tee,2026-10-03T11:50:23.47171+00:00
b9a654d6-3f34-4686-a5ac-6be3a7625867,9ff541a7-8ca4-47d3-87cc-4bcc1800c327,https://images.unsplash.com/photo-1521572267360-ee0c2909d518?w=800&auto=format&fit=crop&q=80,1,false,Tokyo Underground Kanji Printed Heavyweight Tee,2026-10-03T11:50:23.47171+00:00
f68f341f-9625-4346-9725-707df2be3501,113269dc-1aa3-45e3-94f2-6b53ea385641,https://images.unsplash.com/photo-1556905055-8f358a7a47b2?w=800&auto=format&fit=crop&q=80,0,true,Heavyweight Fleece Drop-Shoulder Hoodie,2026-10-03T11:50:23.967685+00:00
75dfdbd0-715a-459d-9e02-0720c6ac6019,113269dc-1aa3-45e3-94f2-6b53ea385641,https://images.unsplash.com/photo-1509967419530-da38b4704bc6?w=800&auto=format&fit=crop&q=80,1,false,Heavyweight Fleece Drop-Shoulder Hoodie,2026-10-03T11:50:23.967685+00:00
d97aa2dd-41d2-4981-910c-e2943565cb56,5be3cfaa-ead7-420a-a19f-142871a94dfd,https://images.unsplash.com/photo-1544022613-e87ca75a784a?w=800&auto=format&fit=crop&q=80,0,true,Urban Puffer Jacket With Utility Pocket Detail,2026-10-03T11:50:24.477802+00:00
81483382-babe-48b2-a43c-d85201a10129,5be3cfaa-ead7-420a-a19f-142871a94dfd,https://images.unsplash.com/photo-1548883354-7622d03aca27?w=800&auto=format&fit=crop&q=80,1,false,Urban Puffer Jacket With Utility Pocket Detail,2026-10-03T11:50:24.477802+00:00
47509726-17e2-4a22-b0c1-bd73fc61b81d,18b4a9ec-d2e4-4642-ab0f-51c0423db39c,https://images.unsplash.com/photo-1583743814966-8936f5b7be1a?w=800&auto=format&fit=crop&q=80,0,true,B2B Wholesale Combed Cotton Blank Tees (Factory Bulk),2026-10-03T11:50:25.134334+00:00
c853d7d7-8c99-4734-955c-70101e0d3ce2,18b4a9ec-d2e4-4642-ab0f-51c0423db39c,https://images.unsplash.com/photo-1521572267360-ee0c2909d518?w=800&auto=format&fit=crop&q=80,1,false,B2B Wholesale Combed Cotton Blank Tees (Factory Bulk),2026-10-03T11:50:25.134334+00:00