id,product_id,sku,size,color,color_hex,price_override,sale_price_override,stock,status,image,created_at,updated_at
96775db8-0a0b-4684-a122-9dcaaaacfd92,91c7ba6f-e1c1-4b07-b7c1-bcd66af87ff8,SKU-0135-SA-M,M,Sage Green,#a7f3d0,,,25,active,,2026-10-03T08:02:55.143704+00:00,2026-10-03T08:02:55.143704+00:00
ea3bd941-98b6-4f61-9ff6-8e73d6f8dd4d,91c7ba6f-e1c1-4b07-b7c1-bcd66af87ff8,SKU-0135-SA-XL,XL,Sage Green,#a7f3d0,,,25,active,,2026-10-03T08:02:55.143704+00:00,2026-10-03T08:02:55.143704+00:00
35c365cd-1061-45d1-b4fd-399ac0901a3f,91c7ba6f-e1c1-4b07-b7c1-bcd66af87ff8,SKU-0135-SA-L,L,Sage Green,#a7f3d0,,,25,active,,2026-10-03T08:02:55.143704+00:00,2026-10-03T08:02:55.143704+00:00
3d78a337-d803-4a15-afa5-cc73a409c4a2,91c7ba6f-e1c1-4b07-b7c1-bcd66af87ff8,SKU-0135-PU-M,M,Pure White,#ffffff,,,25,active,,2026-10-03T08:02:55.143704+00:00,2026-10-03T08:02:55.143704+00:00
228b1948-836e-4bbf-9c90-27c068c3e7ef,91c7ba6f-e1c1-4b07-b7c1-bcd66af87ff8,SKU-0135-PU-XL,XL,Pure White,#ffffff,,,25,active,,2026-10-03T08:02:55.143704+00:00,2026-10-03T08:02:55.143704+00:00
6a9d2805-9daf-4ac6-a8ab-6c385629ff7d,91c7ba6f-e1c1-4b07-b7c1-bcd66af87ff8,SKU-0135-PU-L,L,Pure White,#ffffff,,,25,active,,2026-10-03T08:02:55.143704+00:00,2026-10-03T08:02:55.143704+00:00
c4d3ef01-a9e5-4547-9247-c482c4d6008a,5328cecc-749b-4173-b7c6-7b9e85970daf,TST-9868-BK-M,M,Jet Black,#000000,,,50,active,,2026-10-03T11:48:54.138648+00:00,2026-10-03T11:48:54.138648+00:00
254516aa-c354-4696-a38f-3d606995b61c,5328cecc-749b-4173-b7c6-7b9e85970daf,TST-9868-BK-L,L,Jet Black,#000000,,,50,active,,2026-10-03T11:48:54.138648+00:00,2026-10-03T11:48:54.138648+00:00
890adffc-f5fc-4835-a1df-f5d61303095a,0062df4c-d1ff-4d9a-af75-787de2809d52,SHK-TEE-001-CH-S,S,Charcoal Gray,#374151,,,54,active,,2026-10-03T11:50:22.222374+00:00,2026-10-03T11:50:22.222374+00:00
8ad4f05b-1475-483d-8cd6-c916a05b159f,0062df4c-d1ff-4d9a-af75-787de2809d52,SHK-TEE-001-CH-M,M,Charcoal Gray,#374151,,,27,active,,2026-10-03T11:50:22.222374+00:00,2026-10-03T11:50:22.222374+00:00
4482a67d-9115-4568-8428-c7251f85d145,0062df4c-d1ff-4d9a-af75-787de2809d52,SHK-TEE-001-CH-L,L,Charcoal Gray,#374151,,,47,active,,2026-10-03T11:50:22.222374+00:00,2026-10-03T11:50:22.222374+00:00
ac9407c0-6e15-4143-9eed-f5453a1468e6,0062df4c-d1ff-4d9a-af75-787de2809d52,SHK-TEE-001-CH-XL,XL,Charcoal Gray,#374151,,,64,active,,2026-10-03T11:50:22.222374+00:00,2026-10-03T11:50:22.222374+00:00
41197c2e-2fcc-4bec-998f-1c5e03dbc56a,0062df4c-d1ff-4d9a-af75-787de2809d52,SHK-TEE-001-CH-XXL,XXL,Charcoal Gray,#374151,,,49,active,,2026-10-03T11:50:22.222374+00:00,2026-10-03T11:50:22.222374+00:00
5d15045c-d7ac-40c2-b2c1-a94247a59393,0062df4c-d1ff-4d9a-af75-787de2809d52,SHK-TEE-001-SA-S,S,Sage Green,#a7f3d0,,,39,active,,2026-10-03T11:50:22.222374+00:00,2026-10-03T11:50:22.222374+00:00
33cf294b-6b52-4a9b-a679-988c2cf3adb4,0062df4c-d1ff-4d9a-af75-787de2809d52,SHK-TEE-001-SA-M,M,Sage Green,#a7f3d0,,,25,active,,2026-10-03T11:50:22.222374+00:00,2026-10-03T11:50:22.222374+00:00
ac904359-5137-4ee9-a4fd-33dd1d3104e0,0062df4c-d1ff-4d9a-af75-787de2809d52,SHK-TEE-001-SA-L,L,Sage Green,#a7f3d0,,,25,active,,2026-10-03T11:50:22.222374+00:00,2026-10-03T11:50:22.222374+00:00
bdf148cc-b48d-420f-9d9d-3e946be322ea,0062df4c-d1ff-4d9a-af75-787de2809d52,SHK-TEE-001-SA-XL,XL,Sage Green,#a7f3d0,,,49,active,,2026-10-03T11:50:22.222374+00:00,2026-10-03T11:50:22.222374+00:00
699abc92-1e28-4c76-b767-b18a4c1b5399,0062df4c-d1ff-4d9a-af75-787de2809d52,SHK-TEE-001-SA-XXL,XXL,Sage Green,#a7f3d0,,,27,active,,2026-10-03T11:50:22.222374+00:00,2026-10-03T11:50:22.222374+00:00
fce19a82-3db5-4cfc-a520-97b504acd04a,0062df4c-d1ff-4d9a-af75-787de2809d52,SHK-TEE-001-PU-S,S,Pure White,#ffffff,,,39,active,,2026-10-03T11:50:22.222374+00:00,2026-10-03T11:50:22.222374+00:00
792c4494-ff09-48c5-a547-02e84b581163,0062df4c-d1ff-4d9a-af75-787de2809d52,SHK-TEE-001-PU-M,M,Pure White,#ffffff,,,58,active,,2026-10-03T11:50:22.222374+00:00,2026-10-03T11:50:22.222374+00:00
d23349ca-7a3e-4378-8106-098cc4e30ed2,0062df4c-d1ff-4d9a-af75-787de2809d52,SHK-TEE-001-PU-L,L,Pure White,#ffffff,,,63,active,,2026-10-03T11:50:22.222374+00:00,2026-10-03T11:50:22.222374+00:00
ef895028-1e5c-4f1a-995c-95c71430cee3,0062df4c-d1ff-4d9a-af75-787de2809d52,SHK-TEE-001-PU-XL,XL,Pure White,#ffffff,,,46,active,,2026-10-03T11:50:22.222374+00:00,2026-10-03T11:50:22.222374+00:00
361917ba-9b4c-4d78-a567-8f1ccf26a722,0062df4c-d1ff-4d9a-af75-787de2809d52,SHK-TEE-001-PU-XXL,XXL,Pure White,#ffffff,,,45,active,,2026-10-03T11:50:22.222374+00:00,2026-10-03T11:50:22.222374+00:00
f0b72e25-dd5a-41ba-aae9-83028d2e771d,0062df4c-d1ff-4d9a-af75-787de2809d52,SHK-TEE-001-JE-S,S,Jet Black,#111827,,,33,active,,2026-10-03T11:50:22.222374+00:00,2026-10-03T11:50:22.222374+00:00
48437d6e-a851-412e-a490-f8cbf7f54bb2,0062df4c-d1ff-4d9a-af75-787de2809d52,SHK-TEE-001-JE-M,M,Jet Black,#111827,,,45,active,,2026-10-03T11:50:22.222374+00:00,2026-10-03T11:50:22.222374+00:00
f545abb2-fc76-4673-973b-7f3de0c63f4d,0062df4c-d1ff-4d9a-af75-787de2809d52,SHK-TEE-001-JE-L,L,Jet Black,#111827,,,58,active,,2026-10-03T11:50:22.222374+00:00,2026-10-03T11:50:22.222374+00:00
25b8ae41-a87b-402f-bd8f-cf3edc3526e0,0062df4c-d1ff-4d9a-af75-787de2809d52,SHK-TEE-001-JE-XL,XL,Jet Black,#111827,,,55,active,,2026-10-03T11:50:22.222374+00:00,2026-10-03T11:50:22.222374+00:00
b71b5831-f8cb-46ba-ba69-1a43074bf626,0062df4c-d1ff-4d9a-af75-787de2809d52,SHK-TEE-001-JE-XXL,XXL,Jet Black,#111827,,,59,active,,2026-10-03T11:50:22.222374+00:00,2026-10-03T11:50:22.222374+00:00
875a5142-b61f-4a7e-aa0a-75275c85e731,61313b3c-25a7-4365-ad5b-5b4b35432528,SHK-PRT-002-VI-M,M,Vintage Washed Black,#1f2421,,,30,active,,2026-10-03T11:50:22.88745+00:00,2026-10-03T11:50:22.88745+00:00
345e89c5-f8ed-4efb-9397-10acd30e1483,61313b3c-25a7-4365-ad5b-5b4b35432528,SHK-PRT-002-VI-L,L,Vintage Washed Black,#1f2421,,,46,active,,2026-10-03T11:50:22.88745+00:00,2026-10-03T11:50:22.88745+00:00
f74be966-7d93-4630-9b45-941c6f5cd0a3,61313b3c-25a7-4365-ad5b-5b4b35432528,SHK-PRT-002-VI-XL,XL,Vintage Washed Black,#1f2421,,,51,active,,2026-10-03T11:50:22.88745+00:00,2026-10-03T11:50:22.88745+00:00
98883c8f-1e8a-479c-8d8b-097f28cc83c2,61313b3c-25a7-4365-ad5b-5b4b35432528,SHK-PRT-002-VI-XXL,XXL,Vintage Washed Black,#1f2421,,,58,active,,2026-10-03T11:50:22.88745+00:00,2026-10-03T11:50:22.88745+00:00
c0e1f68b-948f-4f93-a4ba-b7c951fd457e,61313b3c-25a7-4365-ad5b-5b4b35432528,SHK-PRT-002-OF-M,M,Off-White Ivory,#f4f1ea,,,57,active,,2026-10-03T11:50:22.88745+00:00,2026-10-03T11:50:22.88745+00:00
d7c7a316-e21a-4873-b4b1-383869d72430,61313b3c-25a7-4365-ad5b-5b4b35432528,SHK-PRT-002-OF-L,L,Off-White Ivory,#f4f1ea,,,30,active,,2026-10-03T11:50:22.88745+00:00,2026-10-03T11:50:22.88745+00:00
b4bd58e3-d60d-482f-9c95-e8aa875775a8,61313b3c-25a7-4365-ad5b-5b4b35432528,SHK-PRT-002-OF-XL,XL,Off-White Ivory,#f4f1ea,,,40,active,,2026-10-03T11:50:22.88745+00:00,2026-10-03T11:50:22.88745+00:00
9950878f-3b07-4daf-bf7a-0dcdd2c17e98,61313b3c-25a7-4365-ad5b-5b4b35432528,SHK-PRT-002-OF-XXL,XXL,Off-White Ivory,#f4f1ea,,,53,active,,2026-10-03T11:50:22.88745+00:00,2026-10-03T11:50:22.88745+00:00
3692b655-fbee-435f-bda5-3f870702a5d3,61313b3c-25a7-4365-ad5b-5b4b35432528,SHK-PRT-002-MI-M,M,Midnight Navy,#1e293b,,,48,active,,2026-10-03T11:50:22.88745+00:00,2026-10-03T11:50:22.88745+00:00
0ea5e2ec-76e5-4f23-9ed7-0b3c13f36f7c,61313b3c-25a7-4365-ad5b-5b4b35432528,SHK-PRT-002-MI-L,L,Midnight Navy,#1e293b,,,36,active,,2026-10-03T11:50:22.88745+00:00,2026-10-03T11:50:22.88745+00:00
f84655fa-703f-4046-a2c9-1a9b4ec4cc57,61313b3c-25a7-4365-ad5b-5b4b35432528,SHK-PRT-002-MI-XL,XL,Midnight Navy,#1e293b,,,45,active,,2026-10-03T11:50:22.88745+00:00,2026-10-03T11:50:22.88745+00:00
8a8cc3d3-eda6-4c6c-b92e-902d93bf37c0,61313b3c-25a7-4365-ad5b-5b4b35432528,SHK-PRT-002-MI-XXL,XXL,Midnight Navy,#1e293b,,,59,active,,2026-10-03T11:50:22.88745+00:00,2026-10-03T11:50:22.88745+00:00
b5e1cc8b-3cfe-4477-8037-b4f7fd4703e7,9ff541a7-8ca4-47d3-87cc-4bcc1800c327,SHK-PRT-003-JE-S,S,Jet Black,#111827,,,60,active,,2026-10-03T11:50:23.666497+00:00,2026-10-03T11:50:23.666497+00:00
61b255fd-1b29-444c-aa45-0867b8c91d86,9ff541a7-8ca4-47d3-87cc-4bcc1800c327,SHK-PRT-003-JE-M,M,Jet Black,#111827,,,42,active,,2026-10-03T11:50:23.666497+00:00,2026-10-03T11:50:23.666497+00:00
9ab563a5-4e38-47d3-a345-5b1522885810,9ff541a7-8ca4-47d3-87cc-4bcc1800c327,SHK-PRT-003-JE-L,L,Jet Black,#111827,,,30,active,,2026-10-03T11:50:23.666497+00:00,2026-10-03T11:50:23.666497+00:00
0e2a3ea1-2f14-42ee-b9ba-cf38c5dcd420,9ff541a7-8ca4-47d3-87cc-4bcc1800c327,SHK-PRT-003-JE-XL,XL,Jet Black,#111827,,,54,active,,2026-10-03T11:50:23.666497+00:00,2026-10-03T11:50:23.666497+00:00
9506cfd0-cd36-4fef-b6fc-5104d39a0de1,9ff541a7-8ca4-47d3-87cc-4bcc1800c327,SHK-PRT-003-CH-S,S,Chalk White,#ffffff,,,30,active,,2026-10-03T11:50:23.666497+00:00,2026-10-03T11:50:23.666497+00:00
6a120a6d-b656-42b8-a7e8-826030c4ad4e,9ff541a7-8ca4-47d3-87cc-4bcc1800c327,SHK-PRT-003-CH-M,M,Chalk White,#ffffff,,,43,active,,2026-10-03T11:50:23.666497+00:00,2026-10-03T11:50:23.666497+00:00
e9693527-1c16-40e7-b9bc-5e1bcbe0317e,9ff541a7-8ca4-47d3-87cc-4bcc1800c327,SHK-PRT-003-CH-L,L,Chalk White,#ffffff,,,48,active,,2026-10-03T11:50:23.666497+00:00,2026-10-03T11:50:23.666497+00:00
e0c16d3d-8dc9-4379-a5a1-8fae4f7a8200,9ff541a7-8ca4-47d3-87cc-4bcc1800c327,SHK-PRT-003-CH-XL,XL,Chalk White,#ffffff,,,50,active,,2026-10-03T11:50:23.666497+00:00,2026-10-03T11:50:23.666497+00:00
051454e8-a1e8-464a-a819-86a90b2d6625,113269dc-1aa3-45e3-94f2-6b53ea385641,SHK-HUD-004-CH-M,M,Charcoal Heather,#374151,,,44,active,,2026-10-03T11:50:24.153467+00:00,2026-10-03T11:50:24.153467+00:00
b940039c-c59f-45d9-810f-b23fd715ae3b,113269dc-1aa3-45e3-94f2-6b53ea385641,SHK-HUD-004-CH-L,L,Charcoal Heather,#374151,,,44,active,,2026-10-03T11:50:24.153467+00:00,2026-10-03T11:50:24.153467+00:00
ea343e2c-c04c-49d5-a471-c1d44bbbda06,113269dc-1aa3-45e3-94f2-6b53ea385641,SHK-HUD-004-CH-XL,XL,Charcoal Heather,#374151,,,25,active,,2026-10-03T11:50:24.153467+00:00,2026-10-03T11:50:24.153467+00:00
e71d0ca3-00a3-4817-9b81-0c67d557a148,113269dc-1aa3-45e3-94f2-6b53ea385641,SHK-HUD-004-CH-XXL,XXL,Charcoal Heather,#374151,,,30,active,,2026-10-03T11:50:24.153467+00:00,2026-10-03T11:50:24.153467+00:00
a4610daa-0029-4c3c-8ad8-1101eb760764,113269dc-1aa3-45e3-94f2-6b53ea385641,SHK-HUD-004-FO-M,M,Forest Green,#0d2822,,,44,active,,2026-10-03T11:50:24.153467+00:00,2026-10-03T11:50:24.153467+00:00
75dbd2a6-7d8a-40e4-b80e-385d9876e28f,113269dc-1aa3-45e3-94f2-6b53ea385641,SHK-HUD-004-FO-L,L,Forest Green,#0d2822,,,58,active,,2026-10-03T11:50:24.153467+00:00,2026-10-03T11:50:24.153467+00:00
4b98d1a5-9d93-469d-bb71-7b8d716badbe,113269dc-1aa3-45e3-94f2-6b53ea385641,SHK-HUD-004-FO-XL,XL,Forest Green,#0d2822,,,41,active,,2026-10-03T11:50:24.153467+00:00,2026-10-03T11:50:24.153467+00:00
8dd92adf-ac11-4c39-9aaa-89215a18960a,113269dc-1aa3-45e3-94f2-6b53ea385641,SHK-HUD-004-FO-XXL,XXL,Forest Green,#0d2822,,,36,active,,2026-10-03T11:50:24.153467+00:00,2026-10-03T11:50:24.153467+00:00
a67a6470-eb15-4439-86d0-ffcdb1490655,113269dc-1aa3-45e3-94f2-6b53ea385641,SHK-HUD-004-BO-M,M,Bone White,#f5f5f4,,,31,active,,2026-10-03T11:50:24.153467+00:00,2026-10-03T11:50:24.153467+00:00
143b9945-b7fa-43eb-a46f-9f4ea46a8456,113269dc-1aa3-45e3-94f2-6b53ea385641,SHK-HUD-004-BO-L,L,Bone White,#f5f5f4,,,64,active,,2026-10-03T11:50:24.153467+00:00,2026-10-03T11:50:24.153467+00:00
3ca03484-6959-49fb-94fa-a567007ac102,113269dc-1aa3-45e3-94f2-6b53ea385641,SHK-HUD-004-BO-XL,XL,Bone White,#f5f5f4,,,63,active,,2026-10-03T11:50:24.153467+00:00,2026-10-03T11:50:24.153467+00:00
51aa9b50-9645-47b1-8de4-de226281f003,113269dc-1aa3-45e3-94f2-6b53ea385641,SHK-HUD-004-BO-XXL,XXL,Bone White,#f5f5f4,,,27,active,,2026-10-03T11:50:24.153467+00:00,2026-10-03T11:50:24.153467+00:00
38e74077-88b7-45cd-a788-d941c83395a2,5be3cfaa-ead7-420a-a19f-142871a94dfd,SHK-JKT-005-MA-M,M,Matte Black,#18181b,,,32,active,,2026-10-03T11:50:24.681907+00:00,2026-10-03T11:50:24.681907+00:00
f33635de-3cb8-454a-8c99-28fcef86e919,5be3cfaa-ead7-420a-a19f-142871a94dfd,SHK-JKT-005-MA-L,L,Matte Black,#18181b,,,32,active,,2026-10-03T11:50:24.681907+00:00,2026-10-03T11:50:24.681907+00:00
78577a55-038e-4898-8feb-8e62fc43543f,5be3cfaa-ead7-420a-a19f-142871a94dfd,SHK-JKT-005-MA-XL,XL,Matte Black,#18181b,,,46,active,,2026-10-03T11:50:24.681907+00:00,2026-10-03T11:50:24.681907+00:00
7702238b-9e13-4781-a97e-11d71b04e75b,5be3cfaa-ead7-420a-a19f-142871a94dfd,SHK-JKT-005-SA-M,M,Sage Olive,#4d5d53,,,55,active,,2026-10-03T11:50:24.681907+00:00,2026-10-03T11:50:24.681907+00:00
856cb9b0-289e-49d7-af72-5984070f06aa,5be3cfaa-ead7-420a-a19f-142871a94dfd,SHK-JKT-005-SA-L,L,Sage Olive,#4d5d53,,,50,active,,2026-10-03T11:50:24.681907+00:00,2026-10-03T11:50:24.681907+00:00
18668f27-ab24-4f1e-b67d-3e65039b132f,5be3cfaa-ead7-420a-a19f-142871a94dfd,SHK-JKT-005-SA-XL,XL,Sage Olive,#4d5d53,,,51,active,,2026-10-03T11:50:24.681907+00:00,2026-10-03T11:50:24.681907+00:00
40920835-1d36-4445-b2e7-4910e8f05263,5be3cfaa-ead7-420a-a19f-142871a94dfd,SHK-JKT-005-SI-M,M,Silver Ice,#e2e8f0,,,62,active,,2026-10-03T11:50:24.681907+00:00,2026-10-03T11:50:24.681907+00:00
e9ae74bc-c6a4-4f7a-a749-f7a9dbe2538f,5be3cfaa-ead7-420a-a19f-142871a94dfd,SHK-JKT-005-SI-L,L,Silver Ice,#e2e8f0,,,57,active,,2026-10-03T11:50:24.681907+00:00,2026-10-03T11:50:24.681907+00:00
ff7c82db-31db-4848-be9d-c61876911aa4,5be3cfaa-ead7-420a-a19f-142871a94dfd,SHK-JKT-005-SI-XL,XL,Silver Ice,#e2e8f0,,,60,active,,2026-10-03T11:50:24.681907+00:00,2026-10-03T11:50:24.681907+00:00
4caa38e0-6d54-489a-9ef7-959357aa05ea,18b4a9ec-d2e4-4642-ab0f-51c0423db39c,SHK-WHL-006-AS-S,S,Assorted Core Colors,#374151,,,37,active,,2026-10-03T11:50:25.334801+00:00,2026-10-03T11:50:25.334801+00:00
034516f8-41f3-480d-8834-28fe2478a658,18b4a9ec-d2e4-4642-ab0f-51c0423db39c,SHK-WHL-006-AS-M,M,Assorted Core Colors,#374151,,,42,active,,2026-10-03T11:50:25.334801+00:00,2026-10-03T11:50:25.334801+00:00
6cec0f24-ff95-450f-a67f-49b2304e4cdf,18b4a9ec-d2e4-4642-ab0f-51c0423db39c,SHK-WHL-006-AS-L,L,Assorted Core Colors,#374151,,,38,active,,2026-10-03T11:50:25.334801+00:00,2026-10-03T11:50:25.334801+00:00
f904f98b-9482-4e30-a32c-251eac09946e,18b4a9ec-d2e4-4642-ab0f-51c0423db39c,SHK-WHL-006-AS-XL,XL,Assorted Core Colors,#374151,,,41,active,,2026-10-03T11:50:25.334801+00:00,2026-10-03T11:50:25.334801+00:00
16208098-42ff-4121-ba01-bf9a0f461192,18b4a9ec-d2e4-4642-ab0f-51c0423db39c,SHK-WHL-006-AS-XXL,XXL,Assorted Core Colors,#374151,,,33,active,,2026-10-03T11:50:25.334801+00:00,2026-10-03T11:50:25.334801+00:00
8ad132d7-a512-473b-94c3-655354be9a3c,18b4a9ec-d2e4-4642-ab0f-51c0423db39c,SHK-WHL-006-JE-S,S,Jet Black Only,#111827,,,28,active,,2026-10-03T11:50:25.334801+00:00,2026-10-03T11:50:25.334801+00:00
9ff43339-e03a-4b9f-8f8f-885e60ed93e1,18b4a9ec-d2e4-4642-ab0f-51c0423db39c,SHK-WHL-006-JE-M,M,Jet Black Only,#111827,,,41,active,,2026-10-03T11:50:25.334801+00:00,2026-10-03T11:50:25.334801+00:00
c207a733-0bb1-42f5-84ae-26b67207dd92,18b4a9ec-d2e4-4642-ab0f-51c0423db39c,SHK-WHL-006-JE-L,L,Jet Black Only,#111827,,,46,active,,2026-10-03T11:50:25.334801+00:00,2026-10-03T11:50:25.334801+00:00
08fdef4a-8378-48be-9902-e3b104c8f069,18b4a9ec-d2e4-4642-ab0f-51c0423db39c,SHK-WHL-006-JE-XL,XL,Jet Black Only,#111827,,,56,active,,2026-10-03T11:50:25.334801+00:00,2026-10-03T11:50:25.334801+00:00
53efdc8d-9eaf-4faf-bae7-c294792543c5,18b4a9ec-d2e4-4642-ab0f-51c0423db39c,SHK-WHL-006-JE-XXL,XXL,Jet Black Only,#111827,,,51,active,,2026-10-03T11:50:25.334801+00:00,2026-10-03T11:50:25.334801+00:00
aafba626-64fd-430c-90a2-a83a4d41c1ba,18b4a9ec-d2e4-4642-ab0f-51c0423db39c,SHK-WHL-006-PU-S,S,Pure White Only,#ffffff,,,50,active,,2026-10-03T11:50:25.334801+00:00,2026-10-03T11:50:25.334801+00:00
6f4de689-75df-4666-a5e0-93bcfacb0348,18b4a9ec-d2e4-4642-ab0f-51c0423db39c,SHK-WHL-006-PU-M,M,Pure White Only,#ffffff,,,35,active,,2026-10-03T11:50:25.334801+00:00,2026-10-03T11:50:25.334801+00:00
91a2d318-8ebe-4bd1-8a76-672696e557b8,18b4a9ec-d2e4-4642-ab0f-51c0423db39c,SHK-WHL-006-PU-L,L,Pure White Only,#ffffff,,,25,active,,2026-10-03T11:50:25.334801+00:00,2026-10-03T11:50:25.334801+00:00
3daebe73-afb5-4b32-83cd-0e19b4d58a15,18b4a9ec-d2e4-4642-ab0f-51c0423db39c,SHK-WHL-006-PU-XL,XL,Pure White Only,#ffffff,,,35,active,,2026-10-03T11:50:25.334801+00:00,2026-10-03T11:50:25.334801+00:00
58bbf186-cff7-477b-ad8e-8f2a6365cc7e,18b4a9ec-d2e4-4642-ab0f-51c0423db39c,SHK-WHL-006-PU-XXL,XXL,Pure White Only,#ffffff,,,26,active,,2026-10-03T11:50:25.334801+00:00,2026-10-03T11:50:25.334801+00:00